method,K,months,partitions_present,all_six_metrics_valid,eligible_cells,months_with_singletons,singleton_groups_total,negative_SW_available_months,negative_SW_total,negative_SW_ID_month_denominator,SW_available_months,SW_equal_available_month_mean,CH_available_months,CH_equal_available_month_mean,S_Dbw_available_months,S_Dbw_equal_available_month_mean,AVI_available_months,AVI_equal_available_month_mean,AVU_available_months,AVU_equal_available_month_mean,MQ_available_months,MQ_equal_available_month_mean
SSE,4,24,24,24,24,0,0,24,942,50521,24,0.357465835956762,24,1908.3733050490334,24,0.6049725367679625,24,0.4575651471297609,24,0.5481792201349706,24,0.16618125915811405
SSE,6,24,24,24,24,0,0,24,1184,50521,24,0.31506157694826253,24,1753.5663006141024,24,0.5497941572857407,24,0.33117494541259695,24,0.4813819782623145,24,0.12830796892843907
SSE,8,24,24,4,4,0,0,24,2342,50521,24,0.27824338299381995,24,1549.2606007440763,4,0.45686844618787037,24,0.2614490666058316,24,0.4676109186185447,24,0.10428978783006616
SSE,10,24,24,0,0,0,0,24,2504,50521,24,0.25818810602631925,24,1408.9970091985208,0,,24,0.22081032374685364,24,0.4467406447222053,24,0.08761085075518842
SSE,12,24,24,0,0,0,0,24,2680,50521,24,0.24611990154568344,24,1310.9310833751495,0,,24,0.19161215563914724,24,0.43005986440053134,24,0.07646514047478621
SSE,16,24,24,0,0,0,0,24,2915,50521,24,0.23445768080065843,24,1165.7667337846058,0,,24,0.15109722336136333,24,0.4110530067756857,24,0.06187895235586916
SSE,20,24,24,0,0,0,0,24,2799,50521,24,0.22845936248437326,24,1055.4668431320367,0,,24,0.12316438683357894,24,0.40254156850328227,24,0.052615080026649115
Ward,4,24,24,24,24,0,0,24,5644,50521,24,0.31419697061194757,24,1616.0773673704564,24,0.6355278934315837,24,0.45359883135611706,24,0.5502693422542805,24,0.1505865925078445
Ward,6,24,24,23,23,0,0,24,6999,50521,24,0.2648062521510839,24,1459.8127194511128,23,0.5486964890444497,24,0.32706896713479394,24,0.4667177651443309,24,0.12616469696208885
Ward,8,24,24,11,11,0,0,24,7940,50521,24,0.23114836954858473,24,1318.0517399804212,11,0.43862837308149766,24,0.25717738467113155,24,0.4489940937519388,24,0.10531809380863344
Ward,10,24,24,1,1,0,0,24,8537,50521,24,0.21090644806189354,24,1211.5917304683574,1,0.2788227227314882,24,0.2119861676956912,24,0.44207785439111585,24,0.08946301652893936
Ward,12,24,24,0,0,0,0,24,8743,50521,24,0.20227958692004414,24,1125.8221570404348,0,,24,0.18475942225609301,24,0.41686547331489576,24,0.07964216561505857
Ward,16,24,24,0,0,0,0,24,9069,50521,24,0.1891851530448272,24,1005.5460184815735,0,,24,0.1477217857993767,24,0.39701361766075216,24,0.06409362753537821
Ward,20,24,24,0,0,0,0,24,9636,50521,24,0.17873964016056612,24,917.8707243640511,0,,24,0.12219297235984534,24,0.3929053270419775,24,0.054692169654646405
NCut,4,24,24,24,24,0,0,24,5655,50521,24,0.3068498010643728,24,1502.7825007713616,24,0.6500618230365092,24,0.451885633134184,24,0.6005520930225764,24,0.154107589235153
NCut,6,24,24,24,24,0,0,24,6459,50521,24,0.25810519663034365,24,1359.0335860463974,24,0.563523680331012,24,0.3194573783482818,24,0.5134120416529211,24,0.11623484854817086
NCut,8,24,24,13,13,0,0,24,5591,50521,24,0.2475790714810223,24,1268.2542659379762,13,0.47194752040531035,24,0.2503512701841401,24,0.47189319806483954,24,0.09649784933454024
NCut,10,24,24,2,2,0,0,24,7021,50521,24,0.21786106586969992,24,1156.3795772672006,2,0.3820322867279781,24,0.20511778232798292,24,0.46488376729517,24,0.07946370960075408
NCut,12,24,24,1,1,0,0,24,8719,50521,24,0.191472291011478,24,1061.2944727484946,1,0.40296360264718944,24,0.1736066873376828,24,0.46625938516864185,24,0.06745845436237737
NCut,16,24,24,0,0,0,0,24,8726,50521,24,0.1771672793821373,24,947.2503389591193,0,,24,0.134342160293893,24,0.45669235608967623,24,0.05224962883818344
NCut,20,24,24,0,0,0,0,24,9197,50521,24,0.16742147385988973,24,849.9954230078309,0,,24,0.10998927502074236,24,0.459651835711419,24,0.042358756940807187
