claim_id,source_id,source_file,source_sha256,json_pointer,raw_value,transformation,rounding_decimal_places,display_value
P.N,P,workstreams/hypothesis_wave2_external_independent_review_20261008_r00/actual_r00/receipt.json,619b27050a5a03ceff9ed6d3de3fd7195ab6ab9a26c6ea506e82b15b1f61412e,/N,1473,identity,,1473
P.regions,P,workstreams/hypothesis_wave2_external_independent_review_20261008_r00/actual_r00/receipt.json,619b27050a5a03ceff9ed6d3de3fd7195ab6ab9a26c6ea506e82b15b1f61412e,/regions,66,identity,,66
P.December_source_N,P_ADMISSION,workstreams/hypothesis_wave2_external_independent_review_20261008_r00/SOURCE_ADMISSION_RECEIPT.json,e4e59198eeab82fb62e4ff94cc204197a3cdd80cba82f8f586d618ab3c81cddb,/N_Dec2024,2103,identity,,2103
P.D-C,P,workstreams/hypothesis_wave2_external_independent_review_20261008_r00/actual_r00/receipt.json,619b27050a5a03ceff9ed6d3de3fd7195ab6ab9a26c6ea506e82b15b1f61412e,/contrasts/D-C/relative_delta_percent,2.762727920080189,identity,2,2.76
P.D-E,P,workstreams/hypothesis_wave2_external_independent_review_20261008_r00/actual_r00/receipt.json,619b27050a5a03ceff9ed6d3de3fd7195ab6ab9a26c6ea506e82b15b1f61412e,/contrasts/D-E/relative_delta_percent,1.0951755728523347,identity,2,1.1
P.D-F,P,workstreams/hypothesis_wave2_external_independent_review_20261008_r00/actual_r00/receipt.json,619b27050a5a03ceff9ed6d3de3fd7195ab6ab9a26c6ea506e82b15b1f61412e,/contrasts/D-F/relative_delta_percent,2.553679123977935,identity,2,2.55
P.LOO_min_DC,P,workstreams/hypothesis_wave2_external_independent_review_20261008_r00/actual_r00/receipt.json,619b27050a5a03ceff9ed6d3de3fd7195ab6ab9a26c6ea506e82b15b1f61412e,/contrasts/D-C/LOO_min,-9.503636742595143e-05,identity,,-9.503636742595143e-05
P.LOO_max_DC,P,workstreams/hypothesis_wave2_external_independent_review_20261008_r00/actual_r00/receipt.json,619b27050a5a03ceff9ed6d3de3fd7195ab6ab9a26c6ea506e82b15b1f61412e,/contrasts/D-C/LOO_max,0.0005788992276295427,identity,,0.0005788992276295427
S.N,S,workstreams/external_salary_K10_actual_independent_review_20261008_r00/delivery_r00/RESULT.json,09b806af981379057c81209caf839a63c21957245449e29109937a3f8461a51c,/N,1631,identity,,1631
S.regions,S,workstreams/external_salary_K10_actual_independent_review_20261008_r00/delivery_r00/RESULT.json,09b806af981379057c81209caf839a63c21957245449e29109937a3f8461a51c,/regions,75,identity,,75
S.DC_error_reduction_pct,S,workstreams/external_salary_K10_actual_independent_review_20261008_r00/delivery_r00/RESULT.json,09b806af981379057c81209caf839a63c21957245449e29109937a3f8461a51c,/contrasts/1/relative_delta_error,-0.02160689931695602,multiply by -100,2,2.16
S.DC_folds,S,workstreams/external_salary_K10_actual_independent_review_20261008_r00/delivery_r00/RESULT.json,09b806af981379057c81209caf839a63c21957245449e29109937a3f8461a51c,/contrasts/1/folds_improved,4,identity,,4
S.DC_regions,S,workstreams/external_salary_K10_actual_independent_review_20261008_r00/delivery_r00/RESULT.json,09b806af981379057c81209caf839a63c21957245449e29109937a3f8461a51c,/contrasts/1/regions_improved,40,identity,,40
S.DE_folds,S,workstreams/external_salary_K10_actual_independent_review_20261008_r00/delivery_r00/RESULT.json,09b806af981379057c81209caf839a63c21957245449e29109937a3f8461a51c,/contrasts/2/folds_improved,2,identity,,2
S.DE_municipality_delta,S,workstreams/external_salary_K10_actual_independent_review_20261008_r00/delivery_r00/RESULT.json,09b806af981379057c81209caf839a63c21957245449e29109937a3f8461a51c,/contrasts/2/delta_municipality_MAE_logY,0.002064560621643452,identity,,0.002064560621643452
S.DE_max_LOO,S,workstreams/external_salary_K10_actual_independent_review_20261008_r00/delivery_r00/RESULT.json,09b806af981379057c81209caf839a63c21957245449e29109937a3f8461a51c,/contrasts/2/leave_one_region_mean_max,0.00020929185704627785,identity,,0.00020929185704627785
R.N,G_REVIEW,workstreams/geographic_context_delivery_20261007_r00/independent_review/receipt.json,d6f93a93995e59de5395f9292d445c4d761c8ec6d29031d1558890a022dd563e,/own_support_IDs/0,1642,identity,,1642
R.regions,G_REVIEW,workstreams/geographic_context_delivery_20261007_r00/independent_review/receipt.json,d6f93a93995e59de5395f9292d445c4d761c8ec6d29031d1558890a022dd563e,/own_regions/0,57,identity,,57
R.NCut_Holm,R,workstreams/k10_external_received_20261008_r00/road_extracted_r00/output/result/2024-12.json,9f66ea16a9cd7170bfb9ce0d9b78eb8ce909e6eec85ff19bf16ced805dcc390d,/primary_family/NCut/holm_adjusted_p,0.296,identity,,0.296
R.SSE_Holm,R,workstreams/k10_external_received_20261008_r00/road_extracted_r00/output/result/2024-12.json,9f66ea16a9cd7170bfb9ce0d9b78eb8ce909e6eec85ff19bf16ced805dcc390d,/primary_family/SSE/holm_adjusted_p,0.296,identity,,0.296
R.NCut_excess_pp,R,workstreams/k10_external_received_20261008_r00/road_extracted_r00/output/result/2024-12.json,9f66ea16a9cd7170bfb9ce0d9b78eb8ce909e6eec85ff19bf16ced805dcc390d,/results/NCut/5/macro_absolute_excess,0.002081808355729413,multiply by 100,3,0.208
R.SSE_excess_pp,R,workstreams/k10_external_received_20261008_r00/road_extracted_r00/output/result/2024-12.json,9f66ea16a9cd7170bfb9ce0d9b78eb8ce909e6eec85ff19bf16ced805dcc390d,/results/SSE/5/macro_absolute_excess,0.004562303655984258,multiply by 100,3,0.456
G.distance_gain_pct,G,workstreams/geographic_context_delivery_20261007_r00/native_results/results.json,105e916266da8fd9239f929c6e4b7facda8da5aa827c959e3b025499b340a411,/2024-12/5/region_equal_gain,0.07202615993252992,multiply by 100,2,7.2
G.p,G,workstreams/geographic_context_delivery_20261007_r00/native_results/results.json,105e916266da8fd9239f929c6e4b7facda8da5aa827c959e3b025499b340a411,/2024-12/5/conditional_randomization_lower_tail_p,0.001,identity,,0.001
G.positive_regions,G,workstreams/geographic_context_delivery_20261007_r00/native_results/results.json,105e916266da8fd9239f929c6e4b7facda8da5aa827c959e3b025499b340a411,/2024-12/5/positive_region_count,40,identity,,40
G.LOO_min_pct,G,workstreams/geographic_context_delivery_20261007_r00/native_results/results.json,105e916266da8fd9239f929c6e4b7facda8da5aa827c959e3b025499b340a411,/2024-12/5/leave_one_region_out_gain_min,0.06424048873319345,multiply by 100,2,6.42
G.LOO_max_pct,G,workstreams/geographic_context_delivery_20261007_r00/native_results/results.json,105e916266da8fd9239f929c6e4b7facda8da5aa827c959e3b025499b340a411,/2024-12/5/leave_one_region_out_gain_max,0.075729436956951,multiply by 100,2,7.57
G.June_N,G_REVIEW,workstreams/geographic_context_delivery_20261007_r00/independent_review/receipt.json,d6f93a93995e59de5395f9292d445c4d761c8ec6d29031d1558890a022dd563e,/own_support_IDs/1,1661,identity,,1661
G.June_regions,G_REVIEW,workstreams/geographic_context_delivery_20261007_r00/independent_review/receipt.json,d6f93a93995e59de5395f9292d445c4d761c8ec6d29031d1558890a022dd563e,/own_regions/1,59,identity,,59
C.ID_rows,C,workstreams/hypothesis_wave4_confidence_20261008_r00/review/actual_r00/SUMMARY.json,0e82b50b607e4528948f2091893ee95a0dab24773acb009a404d6deb6d595130,/ID_rows,25288,identity,,25288
C.draw_rows,C,workstreams/hypothesis_wave4_confidence_20261008_r00/review/actual_r00/SUMMARY.json,0e82b50b607e4528948f2091893ee95a0dab24773acb009a404d6deb6d595130,/draw_rows,202280,identity,,202280
C.NCut_delta,C,workstreams/hypothesis_wave4_confidence_20261008_r00/review/actual_r00/SUMMARY.json,0e82b50b607e4528948f2091893ee95a0dab24773acb009a404d6deb6d595130,/methods/NCut/mean_delta_AURC,0.0005531882912245915,identity,6,0.000553
C.SSE_delta,C,workstreams/hypothesis_wave4_confidence_20261008_r00/review/actual_r00/SUMMARY.json,0e82b50b607e4528948f2091893ee95a0dab24773acb009a404d6deb6d595130,/methods/SSE/mean_delta_AURC,0.001777407804952627,identity,6,0.001777
C.NCut_worst,C,workstreams/hypothesis_wave4_confidence_20261008_r00/review/actual_r00/SUMMARY.json,0e82b50b607e4528948f2091893ee95a0dab24773acb009a404d6deb6d595130,/methods/NCut/worst_month_delta_AURC,0.003941673572201043,identity,,0.003941673572201043
C.SSE_worst,C,workstreams/hypothesis_wave4_confidence_20261008_r00/review/actual_r00/SUMMARY.json,0e82b50b607e4528948f2091893ee95a0dab24773acb009a404d6deb6d595130,/methods/SSE/worst_month_delta_AURC,0.0038300174884212113,identity,,0.0038300174884212113
C.required_delta,C_PROTOCOL,workstreams/hypothesis_wave4_confidence_20261008_r00/PROTOCOL.json,fc2cf6d656d0447546be02aa8bc2deb670f024dfc567282d351b8695b920d3b0,/joint_primary_gate/each_method_mean_delta_max,-0.005,identity,,-0.005
C.worst_month_limit,C_PROTOCOL,workstreams/hypothesis_wave4_confidence_20261008_r00/PROTOCOL.json,fc2cf6d656d0447546be02aa8bc2deb670f024dfc567282d351b8695b920d3b0,/joint_primary_gate/each_method_worst_month_delta_max,0.01,identity,,0.01
E.NCut_candidates,E,workstreams/hypothesis_wave2_events_actual_independent_review_20261008_r00/PRIMARY4.json,58c937128dee09eaec4df90b95576f9c6cf29b3237e91cd9fce616c9d85a4b2e,/0/unambiguous_candidates,172,identity,,172
E.SSE_candidates,E,workstreams/hypothesis_wave2_events_actual_independent_review_20261008_r00/PRIMARY4.json,58c937128dee09eaec4df90b95576f9c6cf29b3237e91cd9fce616c9d85a4b2e,/2/unambiguous_candidates,253,identity,,253
E.exposure,E_DENOM,workstreams/hypothesis_wave2_events_actual_independent_review_20261008_r00/DENOMINATORS_AND_DISTINCT_IDS96.json,5f48ca716adc3d4870d63db05b2dd23ef32146cfb4e624ff8095dd8a58ec55cf,/17/exposed_ID_boundaries,24958,identity,,24958
E.NCut_unique_IDs,E_DENOM,workstreams/hypothesis_wave2_events_actual_independent_review_20261008_r00/DENOMINATORS_AND_DISTINCT_IDS96.json,5f48ca716adc3d4870d63db05b2dd23ef32146cfb4e624ff8095dd8a58ec55cf,/17/unique_candidate_IDs,161,identity,,161
E.SSE_unique_IDs,E_DENOM,workstreams/hypothesis_wave2_events_actual_independent_review_20261008_r00/DENOMINATORS_AND_DISTINCT_IDS96.json,5f48ca716adc3d4870d63db05b2dd23ef32146cfb4e624ff8095dd8a58ec55cf,/65/unique_candidate_IDs,242,identity,,242
E.NCut_January_candidates,E_DENOM,workstreams/hypothesis_wave2_events_actual_independent_review_20261008_r00/DENOMINATORS_AND_DISTINCT_IDS96.json,5f48ca716adc3d4870d63db05b2dd23ef32146cfb4e624ff8095dd8a58ec55cf,/17/candidate_boundaries/2024-01,103,identity,,103
E.SSE_January_candidates,E_DENOM,workstreams/hypothesis_wave2_events_actual_independent_review_20261008_r00/DENOMINATORS_AND_DISTINCT_IDS96.json,5f48ca716adc3d4870d63db05b2dd23ef32146cfb4e624ff8095dd8a58ec55cf,/65/candidate_boundaries/2024-01,147,identity,,147
E.horizon,E,workstreams/hypothesis_wave2_events_actual_independent_review_20261008_r00/PRIMARY4.json,58c937128dee09eaec4df90b95576f9c6cf29b3237e91cd9fce616c9d85a4b2e,/0/horizon,2,identity,,2
E.q,E,workstreams/hypothesis_wave2_events_actual_independent_review_20261008_r00/PRIMARY4.json,58c937128dee09eaec4df90b95576f9c6cf29b3237e91cd9fce616c9d85a4b2e,/0/q,0.9,identity,,0.9
E.cosine,E,workstreams/hypothesis_wave2_events_actual_independent_review_20261008_r00/PRIMARY4.json,58c937128dee09eaec4df90b95576f9c6cf29b3237e91cd9fce616c9d85a4b2e,/0/cosine,0.5,identity,,0.5
W.known,W_FINAL,workstreams/hypothesis_wave5_campaign_20261008_r00/FINAL_ACCEPTANCE.json,c56f6de2f6a6866a937ba2066cf43d1046d227827e78a93ecbc675421def6db0,/observations/known_query_ID_origins,22523,identity,,22523
W.scored,W_FINAL,workstreams/hypothesis_wave5_campaign_20261008_r00/FINAL_ACCEPTANCE.json,c56f6de2f6a6866a937ba2066cf43d1046d227827e78a93ecbc675421def6db0,/observations/scored_ID_origins,22496,identity,,22496
W.missing,W_FINAL,workstreams/hypothesis_wave5_campaign_20261008_r00/FINAL_ACCEPTANCE.json,c56f6de2f6a6866a937ba2066cf43d1046d227827e78a93ecbc675421def6db0,/observations/future_missing_ID_origins,27,identity,,27
W.loss_NCut_NN5,W,workstreams/hypothesis_wave5_science_20261008_r00/actual_r00/DECISION.json,608350b50b2dd4d996ab20b86483d67563a9af16fab147152e971d1f54e2a335,/mean_origin_loss/NCut_NN5,0.17721259254943178,identity,6,0.177213
W.loss_SSE_NN5,W,workstreams/hypothesis_wave5_science_20261008_r00/actual_r00/DECISION.json,608350b50b2dd4d996ab20b86483d67563a9af16fab147152e971d1f54e2a335,/mean_origin_loss/SSE_NN5,0.17711892086408454,identity,6,0.177119
W.loss_GLOBAL_X6_NN5,W,workstreams/hypothesis_wave5_science_20261008_r00/actual_r00/DECISION.json,608350b50b2dd4d996ab20b86483d67563a9af16fab147152e971d1f54e2a335,/mean_origin_loss/GLOBAL_X6_NN5,0.17706783975324764,identity,6,0.177068
W.loss_LEVEL_NN5,W,workstreams/hypothesis_wave5_science_20261008_r00/actual_r00/DECISION.json,608350b50b2dd4d996ab20b86483d67563a9af16fab147152e971d1f54e2a335,/mean_origin_loss/LEVEL_NN5,0.18686728863713975,identity,6,0.186867
W.loss_OWN_SEASONAL,W,workstreams/hypothesis_wave5_science_20261008_r00/actual_r00/DECISION.json,608350b50b2dd4d996ab20b86483d67563a9af16fab147152e971d1f54e2a335,/mean_origin_loss/OWN_SEASONAL,0.20533971068545354,identity,6,0.20534
W.loss_PERSISTENCE_ZERO,W,workstreams/hypothesis_wave5_science_20261008_r00/actual_r00/DECISION.json,608350b50b2dd4d996ab20b86483d67563a9af16fab147152e971d1f54e2a335,/mean_origin_loss/PERSISTENCE_ZERO,0.23582394846928081,identity,6,0.235824
W.loss_OWN_LAST_CHANGE,W,workstreams/hypothesis_wave5_science_20261008_r00/actual_r00/DECISION.json,608350b50b2dd4d996ab20b86483d67563a9af16fab147152e971d1f54e2a335,/mean_origin_loss/OWN_LAST_CHANGE,0.3789443976560042,identity,6,0.378944
W.loss_GLOBAL_SEASONAL_MEAN,W,workstreams/hypothesis_wave5_science_20261008_r00/actual_r00/DECISION.json,608350b50b2dd4d996ab20b86483d67563a9af16fab147152e971d1f54e2a335,/mean_origin_loss/GLOBAL_SEASONAL_MEAN,0.17145330908140063,identity,6,0.171453
W.gain_pct_GLOBAL_X6_NN5,W,workstreams/hypothesis_wave5_science_20261008_r00/actual_r00/DECISION.json,608350b50b2dd4d996ab20b86483d67563a9af16fab147152e971d1f54e2a335,/primary_comparisons/GLOBAL_X6_NN5/relative_gain,-0.0008174990804985516,multiply by 100,5,-0.08175
W.gain_pct_OWN_SEASONAL,W,workstreams/hypothesis_wave5_science_20261008_r00/actual_r00/DECISION.json,608350b50b2dd4d996ab20b86483d67563a9af16fab147152e971d1f54e2a335,/primary_comparisons/OWN_SEASONAL/relative_gain,0.1369784638447643,multiply by 100,5,13.69785
W.gain_pct_SSE_NN5,W,workstreams/hypothesis_wave5_science_20261008_r00/actual_r00/DECISION.json,608350b50b2dd4d996ab20b86483d67563a9af16fab147152e971d1f54e2a335,/primary_comparisons/SSE_NN5/relative_gain,-0.0005288632343187771,multiply by 100,5,-0.05289
W.origins,W_REVIEW,workstreams/hypothesis_wave5_science_20261008_r00/actual_r00/receipt.json,3728a49acb9ab054283c3047b580db11075c678a729321cb698f89e79d88eb23,/origins,11,identity,,11
CURRENT.catalogue_K,CURRENT,workstreams/local_finalization_20261008_r00/CURRENT_RESULT.json,d68872c028fd798ca0cb5cd4f9b756ff8d7ff0b41feabd9d22fda09a8ccfa09a,/primary/K,10,identity,,10
CURRENT.annual_K,CURRENT,workstreams/local_finalization_20261008_r00/CURRENT_RESULT.json,d68872c028fd798ca0cb5cd4f9b756ff8d7ff0b41feabd9d22fda09a8ccfa09a,/roles/3/K,6,identity,,6
CURRENT.annual_support,CURRENT,workstreams/local_finalization_20261008_r00/CURRENT_RESULT.json,d68872c028fd798ca0cb5cd4f9b756ff8d7ff0b41feabd9d22fda09a8ccfa09a,/roles/3/support,"""1666 conditionally admitted IDs in69 regions""",identity,,1666 conditionally admitted IDs in69 regions
S.outer_folds,S_PROTOCOL,workstreams/external_salary_K10_20261008_r00/package_r02/frozen/protocol.json,ae6bac385a9446b221b8818ba75b35b03afcf3f5ea803a9fbff95e75015dbf1b,/folds/outer,5,identity,,5
S.inner_folds,S_PROTOCOL,workstreams/external_salary_K10_20261008_r00/package_r02/frozen/protocol.json,ae6bac385a9446b221b8818ba75b35b03afcf3f5ea803a9fbff95e75015dbf1b,/folds/inner,4,identity,,4
P.outer_folds,P_PROTOCOL,workstreams/hypothesis_wave2_external_20261008_r00/package_r00/frozen/protocol.json,c67c198fe5b806bb4eedbabb3258690db31cff6af67091c0fa9465c09ebb5a5f,/folds/outer,5,identity,,5
P.inner_folds,P_PROTOCOL,workstreams/hypothesis_wave2_external_20261008_r00/package_r00/frozen/protocol.json,c67c198fe5b806bb4eedbabb3258690db31cff6af67091c0fa9465c09ebb5a5f,/folds/inner,4,identity,,4
